customer_tweet_id,customer_id,customer_text,response_tweet_id,brand_response,intent
421380,294223,Poor service from Amazon I returned a product don't get refund yet they are not respond for it order id 408-9849914-4003522,727299,Sorry to know you haven't received the refund. I'd like to look into the issue and set things right. Kindly provide 1/3 ^SH,REFUND_RETURN
685744,283696,Till what time,685743,Please be assured that we're working on it and we'll get back to you soon with an appropriate resolution. ^SY,GENERAL_COMPLAINT
2515830,138101,Just spoke to someone and amazing customer service! Best customer service out there- thank you so much!,2515832,"Thank you for the positive feedback, Kristi! I'm glad we're able to help :-) ^LH",GENERAL_COMPLAINT
1207574,295899,You guys have 2FA but instead of providing Backup codes you send SMS as a failover? What happens if my number is changed??,1207573,Seems like you had an unpleasant experience. Could you please let us know what went wrong? We’ll fix it for you. ^SY,PRODUCT_TECHNICAL
2093921,618696,"loses my parcel... They assure 2 day delivery, which is then delayed by further 4 days and then poof! They say it's lost and ask me to initiate a refund... #fail",2093919,Please drop in your details here: [LINK] ^MP 2/2,DELIVERY_TRACKING
1298984,423463,what's going on with your login? I reset 12 times it's not letting me login on amazon.ca,1298983,I'm sorry for the trouble logging in! Please reach us by phone here: [LINK] so we can look into this. ^JM,PRIME_DIGITAL
366911,202907,if I bought an item off u for £10 and wanna return it but now it's on sale for £7 how much money will I get back?,366912,"Hi Joe! That's a good question. This may vary. Depending on the reason for return, we may ask that you pay return (1/2)",REFUND_RETURN
1260166,415252,荷物が違う住所に届いている場所はどうすれば？,1260165,お問い合わせありがとうございます。恐れ入りますが、Twitter上では、ご注文内容を確認してのご案内ができないため、こちらのリンクよりカスタマーサービスまでご連絡ください。[LINK] ET,GENERAL_COMPLAINT
1600991,493500,How can we trust amazon with its delivery. Last evening I got a mesg that my product is delivered home. But nothing yet is been delivered.,1614851,I'm sorry about the unpleasant experience. Please drop in your details here: [LINK] 1/2 ^SB,ACCOUNT_SECURITY
1658734,506084,"So my quit working the other day... it says my email isn’t linked with an account, but it’s the only email I got😅",1658733,"I'm sorry for the account trouble! We'd like to look into this with you, please reach us here: [LINK] ^DW",GENERAL_COMPLAINT
428270,216862,how long does it take to investigate an acct? Acct was jacked &amp; I need access to it. Haven't heard anything in almost 2 wks.,428268,"Thanks for reaching out, Melanie! Did you reply to our Account Specialists with the information requested? Let us know! ^FD",ACCOUNT_SECURITY
476792,228316,"a ver si dejáis de trabajar con Correos Express, que son unos inútiles y al final los envíos urgentes siempre se retrasan un par de días por la inflexibilidad de sus horarios de entrega",476791,"Hola, sentimos los inconvenientes. ¿Nos podrías indicar si tienes algún pedido pendiente de entrega? ^KA",GENERAL_COMPLAINT
577694,255990,"Elle ne s'affiche plus sur mon compte Amazon, il faut donc que je rajoute les articles au panier mais la commande est aujourd'hui beaucoup plus chère",577695,Je suis désolé le prix des articles peut varier ^ME,GENERAL_COMPLAINT
1108270,381559,"Sí, hace una semana, aunque entonces también estaba temporalmente sin stock",1108269,(2/2)disponibles en el inventario . ^MB,GENERAL_COMPLAINT
424272,215988,worst service from Amazon transportation service. They are expecting customer to be in office at 9 pm to collect package delivery,424273,"Sorry about the delivery. Have you reported this to our support team: [LINK] If not, please do. ^HA",ACCOUNT_SECURITY
234218,171761,Sent an email to your support with details. Just search on google for MacBook air,234217,"Thanks! If you've shared this with our support team, we'll get back with an update. ^YP",REFUND_RETURN
2987742,823805,10月半ばに密林で注文したピンセットが未だに届かないんだが いくらなんでも遅すぎだろう ブラジルあたりから発送したのか？ [LINK],2987741,アマゾンです。予定日を過ぎても商品が届かないとのことでご迷惑をおかけしております。カスタマーサービスにて状況を確認させていただきます。お手数ですがこちらのリンクよりご連絡ください。[LINK] ET,GENERAL_COMPLAINT
986974,353883,Order# 404-4909142-9424306 ordered on 21st September. Having issues from day1 still issue not resolved. Not sure whom to contact,986973,"Please don't provide your order details, we consider it to be personal information. Our page is visible to the public. (2/2)^MO",ACCOUNT_SECURITY
786545,307632,Amazonのプライム会員ってなった覚えないんだけど…クレジットから落ちてるし😠どこかで間違えてクリックしたのかもしれないけどなりすましなどだったらこわいな… さっさと退会、誘導的な仕組みも危ない気がする…,786544,なお、更新後に特典のご利用がなければ、キャンセル手続き後に全額返金いたします。こちらのヘルプページをご参照のうえお手続きください。 [LINK] RI,PRIME_DIGITAL
1009198,344471,"I'm sorry!! u r ryt I've got mail, gone thru it , but still confused that what u ppl trying to say repeatedly ?? did u get me ?? [LINK]",1009202,Delivery to certain locations isn't available due to courier restrictions. We're working on (1/2)^SQ,ORDER_MANAGEMENT
1547850,437550,"FAIL! After 8pm it updated to ""Now expected Oct 16 - Oct 19"". That's great, so had to go to the store for diapers.",1547852,I'm very sorry for the delay. Please let us know if you don't get your order by the new delivery dates. ^CL,DELIVERY_TRACKING
1261145,415443,"how am I suppose to make myself a zombie for work, if I don't have my liquid latex?",1261144,"Oh no! Sorry you're still waiting for the order! W/o posting account info, what was the original delivery date? ^DD",DELIVERY_TRACKING
123402,143570,"And not only that, when I track my order on your website.... Apparently I didn't make any. Even though I have emails and credit card receipts proving otherwise. [LINK]",123405,"I'm so sorry for the trouble tracking and receiving your order. Just to confirm, was your order placed on [LINK] Amazon.ca, or another Amazon website? ^JN",DELIVERY_TRACKING
837132,319193,These are 4 orders in last one month that got canceled! All of them were on great deals. Why list it if you can't fulfill it? [LINK],837131,reason. Request you to check for the same. 2/2 ^GK,ORDER_MANAGEMENT
398788,210308,"Hi, I have a problem with my order on amazon.it, as 1 item was missing, and another one was slightly damaged",398787,I'm sorry for this experience. Please reach out to our Customer Service here: [LINK] ^ST,ORDER_MANAGEMENT
1708616,204354,検討します！,1708615,(o^-’)b ｸﾞｯ! TY,PRIME_DIGITAL
995403,225096,Seems to be yeah. Any known issues when syncing the iCloud calendars?,995400,"Hmm, let's do some live troubleshooting together. Please reach out to us by phone or chat here: [LINK] ^TG",PAYMENT_BILLING
2120961,624911,I messaged you about someone who ordered a product w me and accidentally put the wrong address and is trying to change it,2120967,"OK, I understand, she will need to contact us if she is having an issue accessing her account. ^AS",DELIVERY_TRACKING
2930056,810548,"I have already remind them two times, but there is no response from your side",2930058,I'm sorry for the unpleasant experience. Please fill this form: [LINK] and we'll get back to you soon. ^SI,PRODUCT_TECHNICAL
311333,145909,"order a book, when i tried to track it shows delivered to tamanna i don't know who she is not in my contact [LINK]",311332,I'm sorry about the conflicting tracking update. Kindly reach out to us here: [LINK] and we'll check it. ^GK,GENERAL_COMPLAINT
1585035,487713,"ordered 2 kindle, i must say delivery was way late and app was showing delivered yesterday but received today",1585034,We're sorry for the unpleasant experience. We've forwarded this internally. We'll work towards improving our services. ^ZH,ORDER_MANAGEMENT
1140910,388555,Yeah they did,1140909,What information was provided by USPS? ^DD,PAYMENT_BILLING
418805,214888,"sorry, i can't contact you because i'm from Indonesia XD",418806,Have you been in touch with us via chat or email here: [LINK] ?^CD,GENERAL_COMPLAINT
994297,355524,When are you releasing NEWTON movie on prime,994298,We will continue to add new content. Keep checking [LINK] where we highlight the latest movies and 1/2 ^MK,PRODUCT_TECHNICAL
1706569,517197,Ok but what's the solution?,1706571,We'd like to help you on this. May I know if you flagged the concern to our support team here: [LINK] ^BS,PRIME_DIGITAL
2171436,636879,No phone call yet!,2171434,"I understand you frustration, but I don't see that we've received your information in the form provided by AL. Please send us your details when you have the chance. ^GG",GENERAL_COMPLAINT
606113,264050,Amazon site is saying it will arrive on Friday. UPS on the other hand has it as a rescheduled delivery for Monday.,606112,"Hey Liz, if you check the tracking here: [LINK] could you tell me what the latest update has been?^TI",ORDER_MANAGEMENT
255098,176644,"Hey why does it say my package was delivered yesterday (the day it was ""guaranteed"" by) when it wasn't?",255097,"I'm sorry you haven't received your delivery, Liam! Here are some tips that may help:[LINK] ^ML",DELIVERY_TRACKING
2435032,213865,is there a menu on there i cazn go to for this? becuz the remote always stops sending the signal,2435035,"If you've followed all the troubleshooting steps listed on the Help page, and your remote still isn't working, we'd like to troubleshoot it with you in real-time. Please reach us via phone or chat here: [LINK] ^JS",GENERAL_COMPLAINT
2835740,789314,had an email in regards to irregular sign in activity. Is this genuine?,2835739,"Thanks for reaching out today, Chloe! You can find some helpful information here on how to identify whether an e-mail is really from us: [LINK] If you still have questions, please let us know. We're here to help! ^KN",ACCOUNT_SECURITY
1597001,490602,Moi je veut bien les commander si je suis sure de bien les recevoir cette fois ci. Mais comment en être sure ?!,1597002,"C'était une erreur isolée, pas de chance que ça se répète. Et puis nous sommes toujours là pour rectifier le tir si besoin ^KD",GENERAL_COMPLAINT
96830,137135,"Can only imagine what's going on inside warehouses... a majority of the items I've ordered since #BlackFriday2017 arrived with crushed corners (admittedly many were for me 🙄, nbd). Anyone else?",96828,I'm sorry to hear this. Were the contents of your orders damaged? ^GR,GENERAL_COMPLAINT
2678774,720358,Well 1. It was a gift from my mom who lives out in California and 2. I don't own a printer.,2678775,You can set up a gift return by following these steps: [LINK] Request a physical label to be mailed to you.,DELIVERY_TRACKING
2252879,656309,I'm afraid the link is not working [LINK],2252878,"I apologize for the incorrect link, you can reach us here: [LINK] ^NC",REFUND_RETURN
1423804,298336,DO NOT MAKE ME FOOTBALL BETWEEN .IN &amp; .COM. ITS YOUR INTERNAL MATTER HOW COME THE AMOUNT OF RS 711.07 GOT DEDUCTED ON 14TH OCT,1423803,Hi Harsh- We wouldn't have access to your account info from here to get this sorted it is best to speak with us directly. ^NV,GENERAL_COMPLAINT
1350084,434830,"Hi, I don't suppose you'd know how long the 23andme DNA test will be on sale in the amazon UK store? Thnx!",1350083,"Thanks for reaching out to us! We don't have information on how long the sale will be going on, so make sure you get it while you can! ^AH",GENERAL_COMPLAINT
524211,241192,Are the Kindle devices from Amazon Mexico region-free?,524210,"Yes Jorge, but in this case I recommend you to call the Kindle specialist: [LINK] so they can explain you about this configuration. ^JL",PRODUCT_TECHNICAL
2882541,799751,I can't see it anywhere at all.,2882542,"Hi Alana, when you click on the ""Track package"" button it will tell you which company delivered this. ^KK",GENERAL_COMPLAINT
1895552,564995,Order ID 405-5925066-9104362,1895555,We'll not be able to access your account over twitter. Could you please elaborate on your concern? ^KK,ORDER_MANAGEMENT
1990179,267765,Ugh why has my order been preparing for shipment for 3 days? #anxious,1990178,Sorry for the wait! Have we missed the estimated delivery date? ^DD,DELIVERY_TRACKING
1681783,451686,This is third time I'm am sending if you can't solve my problem tel here only that you can't don't kill my time again and again [LINK],1681792,Thanks for confirming that you have shared the details. We'll check this and get back. (1/2)^VG,REFUND_RETURN
1632506,499536,"Cuando compre un movil ponia que me llegava mañana si lo compraba en ese momento, me pone que llegara el miercoles :ll",1632505,(2/2) ¿Cuál es la fecha estimada de entrega que se mostraba al completar el pedido? ^KS,GENERAL_COMPLAINT
2291890,120223,"Thank you &amp; for ur help, truly the best customer services I ever dealt with ..",2291892,"Thank you so much, Mousa! We are always glad to help out! 😁 ^JZ",GENERAL_COMPLAINT
2910315,805697,agora tenho o que fazer nas ferias,2910314,"Olá, Clara. Nossa, você adora ler mesmo, não é? Me diga, qual deles você vai ler primeiro? 😍 ^CR",GENERAL_COMPLAINT
1937578,576392,Who should I contact for help with packages I believe to have been stolen?,1937577,"We'd like to look into this for you. At your earliest convenience, please contact us here: [LINK] - Liz I",DELIVERY_TRACKING
1980602,586290,"package needed for tmrw hasn't arrived even tho courier said it was posted. Rang, woman said she'd send it &amp; email me. No email",1980601,"So sorry for the frustrations, Kimberley! We deliver until 21:00 so let us know if you don't receive it by then! ^AD",DELIVERY_TRACKING
1236286,405389,On connait tous le professionnalisme d' qui m'ont déjà contacté et ont résolu le problème. Bravo! #custexp #service #Amazon,1236285,Je vous remercie pour votre commentaire. Ravie que le souci a été résolu. ^MA,DELIVERY_TRACKING
727316,294230,Order # 403-0259932-7929974. Amazon Agent refusing delivery since 2 days including today. Worst experience !,727317,here: [LINK] We'll be glad to help you with the available options. 2/2 ^MJ,ORDER_MANAGEMENT
324471,193292,Parcel is probably at Local depot and will not now be delivered until Monday. Is this Prime service?? Why pay for a service not delivering,324474,1/2 Have you tried speaking with Royal Mail about this ongoing issue? We can submit your feedback to our delivery team for,DELIVERY_TRACKING
593347,260490,"guys, why is my wait for a replacement for a faulty item as long as you’ve made it? It isn’t my fault that the item is faulty.",593345,I'm so sorry to hear about your replacement! What is the current shipping status on the replacement order? You may check to find that information here: [LINK] ^VF,DELIVERY_TRACKING
2434200,136726,Merci^^,2434201,Je vous en prie :),GENERAL_COMPLAINT
377982,205686,明確ではないですが、出品者の方は多分外国の方だと思われます(T_T) こういう時どんな連絡が適切なんですか？(T_T) Amazonで買い物することがあまりないのでよくわかりません(T_T),377981,日本のAmazonで出品している出品者よりご購入いただいた場合、出品者へは日本語でお問い合わせが可能です。大変お手数ですが、以下ヘルプをご参照いただき、出品者へお問合せいただければと存じます。[LINK] SM,GENERAL_COMPLAINT
2705749,759898,has the worst customer service!! My account- hijacked. E-mail &amp; Password- changed. But I need that info to get the issue resolved? I had items otw. I need answers bc someone is enjoyin tf outta my prime membership. #angryblackwoman,2705748,"We definitely don't want to let you down. We don't have access to your Amazon account via Twitter, but we'd like to help. Please contact us via phone or chat: [LINK] ^KB",GENERAL_COMPLAINT
15700,119452,Hey I need an update on my refund! Can you help?,15699,You may track your refunds using the link: [LINK] Please keep us posted. ^GS,GENERAL_COMPLAINT
2424538,259138,"Thanks for replying, now I know how to see my delivery estimated. I have a other question: do you now when the Garth Brooks The Anthology: The First Five Years will be back in stock? Greetings",2424540,I'm so sorry! We don't have access to product stock information. Keep an eye out on the website for the most up-to-date stock information. ^TK,GENERAL_COMPLAINT
607398,264347,Thank You Got my #Oneplus5T [LINK],607397,WOW! Congratulations. I can see how excited you are. ^KK,GENERAL_COMPLAINT
2159693,634322,do you have the account of Amazon prime video México?,2159692,"Hi there Claudio, it's :) ^JD",PRODUCT_TECHNICAL
1207275,403487,ASIN 1608879763 when can we expect the dispatch of the pre-orders? The book was released yesterday! BTW HBB 🎂,1207273,"Hey Charles, once we've more info, you'll be updated via email. Have you been provided with a delivery date? ^TP",ORDER_MANAGEMENT
174575,156933,"I have tried to email your colleagues, but both &amp; are saying the other is responsible. My UK account clearly says I don't have Prime &amp; the charge on my bank statement says 'Membership [LINK] US' with a USD exchange rate next to it. Please help!",174577,I am sorry to hear this. Since the charge is showing as dollars would suggest that the charge originated on the [LINK] website. Please fill out your details below so my team can investigate this for you:[LINK],GENERAL_COMPLAINT
2570425,458033,"No,rather I had made a request for the return through amazon app.. but they didnt give me any update about the status.",2570427,"Sorry about the trouble with the return. For immediate assistance, you may request a call back or start a chat session. ^HA",GENERAL_COMPLAINT
21079,120614,", as haven’t replied, could you? [LINK]",21076,"Hi, apologies. Carriers should not follow handwritten delivery notes. You can set them on your acc: [LINK] ^JJ",GENERAL_COMPLAINT
2766995,773765,How is this two day shipping amazon?? #amazonprimesucks #sounreliable #twodaysmeans7 [LINK],2766993,"Hello Kasia. I can confirm 2 day delivery option would be from the date the item dispatches. Once you select your address, the system will determine the estimated date based on the location of the item from your address. ^GA",GENERAL_COMPLAINT
1439162,453989,Alright I'll do that right away!,1439163,Great ! Do keep us posted if you have any further issues.^PJ,GENERAL_COMPLAINT
69860,131818,Supuestamente me llegaba ayer porque pague un poco mas para que llegara ayer pero resulta que se ha retrasado y correos que es el transportista dicen que todavia no lo tienen cuando rn amazon ponr q si,69861,"Gracias por la información Alejandro, en este caso lo recomendable es contactar con el Equipo de Servicio al Cliente para mas ayuda por medio del siguiente enlace: [LINK] ^FZ",GENERAL_COMPLAINT
495925,233288,"Is it just me, or has Prime become less than Prime? I can’t remember the last time something actually made it to me in two days.",495923,"Two-Days refers to the time it takes to arrive after it ships. Some items require additional processing time, we'll include that into the date given. Please let us know if we ever miss that date. ^LI",GENERAL_COMPLAINT
2418895,694967,Not able to receive sms OTP for Amazon Pay. Attempted many time. Solution?,2418893,Could you please confirm if you're trying to use Amazon pay balance to place an order or trying to add money to your Amazon pay balance? ^SU,ACCOUNT_SECURITY
2877789,308340,Thanks for quick help. Able to access my account now :),2877790,Glad to know that you're able to access your account now. Do keep us posted for any further concerns. ^KH,PRODUCT_TECHNICAL
2284774,508835,Just had my book delivered by &amp; the delivery man questioned me as to how old I am &amp; whether or not this house is mine. Wtf. Why is it so hard to believe that a 26 year old is on the property ladder?! Rude. Annoyed 😠,2284773,We'd like to take get more information about the delivery. Please contact us here: [LINK] ^LI,ACCOUNT_SECURITY
1758674,529402,Dear #amazon please explain what your definition of guaranteed Is. Cause 5 days late ain't in my definition. #fuckamazon #eatshitanddie,1758673,I'm sorry for the inconvenience! Has the delivery date been updated? Use the link to check: [LINK] ^GL,PRODUCT_TECHNICAL
2676402,426693,"Now one more case reported, item was supposed to be delivered 2day n m still sitting and waiting at office only [LINK]",2676401,"Please don't provide your order details, we consider it personal information. Our Twitter page is visible to public. ^HA",PRODUCT_TECHNICAL
415093,213982,why I just cancelled my Amazon prime. #SorryNotSorry [LINK],415092,feedback survey following your conversation. This is the best way to let the reps leadership know about the behavior. ^HC (2/2),GENERAL_COMPLAINT
348059,198883,Cannot access site. Dont tell me prblm wid intrnet or brwser as it sumtyms (5%) wrking. U r loosing ur business if not fixed. [LINK],348066,Sorry for the trouble in accessing our website. I've checked and the website seems to be working fine. (1/2) ^KA,GENERAL_COMPLAINT
1689361,500331,Wish 2purchase CCTV In ads U show free delivery +10% Sbicard +amazon but when paying no benefit &amp; Rs100 delivery extra [LINK],1689362,If the product is fulfilled by Amazon and price is more than Rs.499 then the delivery charges will be waved off. (1/2) ^RI,DELIVERY_TRACKING
666201,278711,いつの間にかAMAZON プライム会員になってた、、色々ビデオとか見れてたじゃん。もったいない…,666199,恐れ入ります。ご利用いただけるプライム特典の一覧はこちらです🙏 [LINK] YM [LINK],GENERAL_COMPLAINT
602318,262654,Amazon Prime Now,602316,"Entiendo, ¿has reportado la incidencia con Servicio al Cliente a través de la aplicación? ^KS",PRODUCT_TECHNICAL
2930636,228319,"I ordered, delivered, but I haven’t received it, so what’s the case of the missing order? I think ACP Pradyuman should be summoned to conduct this investigation! कुछ तो गड़बड़ है। #YehKyaHai",2930634,I'm sorry for the inconvenience. I would request you to please report this to our customer service team here: [LINK] and we'll be glad to help you. ^SI,DELIVERY_TRACKING
500862,234636,I have been in contact with one of your team and they have been as unhelpful as everyone else I have spoken to. I need someone to not copy and paste a standard response and give me back my stolen money. Your customer service is terrible. Stop messing me around. Thieves.,500860,Can I ask for you to explain the issue without giving account information so we can assist you further. Thank you ^GA,GENERAL_COMPLAINT
868043,326101,"2orders nt deliverd until now in 2 weeks,show delivered Recuring [LINK] is no more premium but pain",868041,I'm sorry to know this. Did you happen to escalate this to our support team here: [LINK] ^VN,DELIVERY_TRACKING
1483556,464513,It was delievered today. Thanks!,1483558,Glad to know that you have received the product. Please do keep us posted if there is any concern. ^JS,DELIVERY_TRACKING
840860,319629,please get it picked up today else your irresponsible employee will repeat the same thing again,840858,"Apologies, Deep. Request you to drop in your details through the link that was provided earlier so that we can assist you. ^NK",ORDER_MANAGEMENT
772328,304492,Is there a way to not have “AMZL US” deliver my packages? Not delivered or “Transit Delay” constantly.,772326,"I'm sorry about the poor experience you've had, Steven! Is an order late? If so, what's the status?[LINK] ^FR",ORDER_MANAGEMENT
2440294,456617,"The first time I know I was home, second I'm not entirely sure as I'd gone to get lunch sometime after 2 pm and can't remember exactly what time I got back, but there's been someone else here both times. If it was delivered to the main office, they might not have been there.",2440293,Thanks for the info. Has the carrier sent you a message with a revised delivery date? ^TS,GENERAL_COMPLAINT
505772,236019,O rapaz q me atendeu disse q vcs iam abrir uma reclamação para cm eles,505771,"Gabrielle, você já entrou em contato com o nosso SAC? ^NB",GENERAL_COMPLAINT
2107272,621841,Thanq it's my pleasure 🙏😊,2107271,Pleasure is all ours for showing the interest in placing the order with us. ^MN,GENERAL_COMPLAINT
803973,311604,could you tell me if/when you will be selling the Thrustmaster T.Stick HOTAS One flight stick please? And how much in UK?,803972,"We're happy to help! For tips on how to search and browse for items on the website, see here: [LINK] ^CO",GENERAL_COMPLAINT
2573773,124282,"J'ai refait un enregistrement disponible ici : [LINK] Dites moi si vous l'avez entendu cette fois si svp. Oui sous garantie mais je vais pas le renvoyer pour la 3ème fois, c'est possible de négocier avec le vendeur ? merci par avance",2573775,Votre article est vendu par vendeur tiers? L'avez-vous déjà retourné pour la même raison? ^BR,GENERAL_COMPLAINT
1346614,434022,"So, I assume I'll get the credit bonus for not having next day with my #AmazonPrime, ? I chose this item specifically for Prime :( [LINK]",1346613,We're sorry for the delay! Please reach out to us here: [LINK] so we can look into available options. ^ZW,GENERAL_COMPLAINT
1323253,428802,Check your inbox for amazing details which will actually be an eye opener.,1323255,"We have responded to your DM, kindly refer the same for further assistance. ^GD",GENERAL_COMPLAINT
1856365,554003,your agents are not helping and now asking me to self return .that too form an area that is serviceable by courier pickup,1856368,not yet available across all pin codes or with all the sellers listed on our website. Request you to cooperate and ^AK (1/2),GENERAL_COMPLAINT
640681,272017,Comprei meu Kindle!!! Obrigada por não decepcionar nos descontos 🧡🖤,640680,"Oi Karime, ficamos contentes em saber que você conseguiu aproveitar as nossas promoções. Grande abraço! ❤️ ^AZ",GENERAL_COMPLAINT
1031549,364086,My office was closed due to Diwali holidays and I did not receive any this item. Bewildered! Pls revert urgently. [LINK],1031550,I'm sorry to know you haven't received the order. Please connect with our support team here: [LINK] 1/2 ^SH,GENERAL_COMPLAINT
346054,198362,Undersigned not received any mail with reason. I chossed payment option cash on delivery. Is there any logic to cancel the order.,346056,"I'm sorry about the canceled order, we have replied to your DM. ^MJ",GENERAL_COMPLAINT
2170891,636795,Dear I want answers to my outstanding issues by 12 noon gmt tomorrow - someone somewhere has got my stuff - and no more lame excuses about rogue deliveries - #sortitout #amazon #amazonfail,2170888,"I'm so sorry for the inconvenience, Dan! We would like to help resolve this for you. Please reach out to us here: [LINK] ^LA",GENERAL_COMPLAINT
281205,183004,i bought motog5s plus frm ur site and i found some prob bt now ur CSE are not attending my call.,281207,Apologies for the unpleasant experience. Kindly share your details here: [LINK] and I'll contact you. ^GS,GENERAL_COMPLAINT
494971,233037,Merci beaucoup 😀J'ai eu des réponses ! :),494972,Parfait ! Je suis ravie que tout soit rentré dans l’ordre. ^MD,GENERAL_COMPLAINT
182920,158356,Yes I have shared my details on the provided link.,182922,Thanks for confirming. We'll check and get back to you with an update soon. ^NR,GENERAL_COMPLAINT
1489780,466017,"pre ordered a digital copy of cod WW2 in September. Its saying pending verification today, what can I do?",1489778,Hi there- You can find more info on verification here: [LINK] ^NV,GENERAL_COMPLAINT
320073,192275,calls itself 'Earths most customer-centric company' 😐 The service I have rec'd since being hacked on mon has been shocking!,320072,"Hi, sorry to hear that. Have you called us on the number found via this link: [LINK] to report it? ^JJ",GENERAL_COMPLAINT
686773,283977,"There was no option for this at the checkout - it should come as standard, especially when paying that much for an item. Just glad I opted for delivery at work, if I'd had it sent to my home address the surprise would have been ruined!",703833,I am sorry you are frustrated! Here is some information to prevent this in the future. Hope it helps! [LINK] ^DJ,GENERAL_COMPLAINT
2965323,818107,"Trying to transition to Amazon Prime Student, but the URL simply directs me back to the home page. Any help on how to actually do this? [LINK]",2965321,The link should take you to the Prime Student homepage. Try clearing the cache and cookies from your browsers history and re-tapping the link. The Prime Student sign up page can also be found here: [LINK] Let us know if the issue persists! ^SK,GENERAL_COMPLAINT
13167,118703,"Unable to what they promised not gave one plus 5 offer only sale product after they Dont care also not return back,Its hopless😡",13166,Sorry for the inconvenience. Please share your details here: [LINK] and I'll get in touch with you. ^MK,GENERAL_COMPLAINT
1445438,455414,terrible experience with Global Shipping. Pathetic vendor #UPS #i-parcel at #Singapore my courier is lost??!? [LINK],1445436,"I'm so sorry for the delivery trouble, Gaurav! Have you received any updates or a reason for delay from the carrier? ^SD",GENERAL_COMPLAINT
1114313,228133,"just had this email, clearly it's a fake, where should I forward it too? [LINK]",1114311,"Hi Dylan, thanks, please do! [LINK] ^AT",GENERAL_COMPLAINT
95372,136737,I already got to chat with one of your reps. Is there a way for me to get a refund without having to ship the LENS CAPS back to the US? Thanks,95374,I'm glad you've contacted us. What information were we able to provide during our chat? ^RA,GENERAL_COMPLAINT
183056,159050,would I be able to buy Kindle e books using a Canadian card from Canada? It's a gift for someone ?,183055,Kindly refer to the types of payment we accept on our website here: [LINK] ^SG,GENERAL_COMPLAINT
2565649,727886,"Want to buy oneplus 3T,where can i get one,its unavailable on amazon and oneplus store...",2565648,"We will not be able to guarantee the availability of the product, Sairaj. Request you to keep checking our website. ^MK",GENERAL_COMPLAINT
1426085,451300,Amazonプライム会員なった記憶が無いんですけど、先月年間費振り込まれてて何故だろうって考えてました。,1426084,(1/2) 以前ご注文の際に、お急ぎ便などプライム無料体験を利用されたことはございませんか？自動更新設定をオフにしない場合、30日の期間終了後に本会員へ移行します。ご登録時にはメールでご案内しております。[LINK] RI,GENERAL_COMPLAINT
1108215,381547,Das Paket wurde immernoch nicht versendet. Es ist der 08.11. [LINK],1108214,"Oje, das ist ja ärgerlich. Gerne schaut sich das unser Kundenservice an, den du über [LINK] erreichst. ^KM",GENERAL_COMPLAINT
581886,257149,"my order is return due refusing delivery by me. But no one can contact me or come, then how can it happen to refused it. My Order No. Is '403-2992310-0735520'",581884,"Please don't provide your order details, we consider it to be personal information. Our page is visible to the public. ^RI",GENERAL_COMPLAINT
117889,142145,Just to confirm I meant in Canada and not the US..,117887,Hey! Our Black Friday sales have already started! Visit us here to see some of our deals: [LINK] I hope this helps! ^TK,GENERAL_COMPLAINT
558507,250485,right out of the box.... [LINK],558506,Wow! We are sorry for your item arriving in this condition. Please allow us to assist you with this in real time. Contact us via phone or email here: [LINK] ^LM,GENERAL_COMPLAINT
2438391,699421,Busque al proveedor y dijo q es de ustedes porque ustedes son quienes lo mandan entonces? A quien le creo?,2438393,"Comprendo. Ya que el producto es vendido por InLife MX pero enviado por Amazon, puedes solicitar información directa a nuestro Soporte al Cliente mediante el siguiente enlace: [LINK] Saludos, ^DB",GENERAL_COMPLAINT
1091661,377582,"Why does ""standard shipping"" (3-7 days) is expected to arrive on the 23rd when I ordered on the 4th?",1091660,Shipping speed refers to the time in transit and doesn't include processing time. Learn more here: [LINK] ^KB,GENERAL_COMPLAINT
336131,196186,"Austauschgerät kam, wurde installiert und lief. Seit 2 Tagen streikt aber die Netflix App. Was ist da denn los?",336133,"Hast du schon versucht, alle Geräte inkl. Router für mind. 30 Sekunden vom Strom zu nehmen und erneut zu verbinden? ^SI",GENERAL_COMPLAINT
2513919,163184,Disappointing Amazon Echo purchase experience. Bunch of misleading customer care executives and broken policies. Pls help Jeff !! [LINK],2513917,&amp; I'll reach out to you with an update at the earliest. 2/2 ^EM,GENERAL_COMPLAINT
8532,117498,The last update was on 22nd Oct saying it’s out for delivery.....you can’t tell me it take a over two weeks to deliver [LINK],8534,It would be best to contact us directly here: [LINK] and we can look into this further then. ^PK,GENERAL_COMPLAINT
318169,191919,This link does not help. I had ordered from Amazon US and this link does not seem to cover what I had ordered,318167,Kindly confirm if you've connected with our Amazon Global store support team via the above link? ^SG,GENERAL_COMPLAINT
2808985,499700,where is my order!,2808984,"Apologies, if there has been a delay or any inconvenience. Has this been reported to our support team yet? You may connect with the support team from here [LINK] they would and help. ^KK",GENERAL_COMPLAINT
465793,225825,Ordered a Mötley Crüe vinyl and Amazon sends me TYLER THE FUCKING CREATOR?!?! Not even close. Won't be here in time. Day ruined,465792,Thanks for reaching out. I'm so sorry for the trouble. You can learn about the items you did not order here: [LINK] ^LH,GENERAL_COMPLAINT
255749,176830,Hey - die Idee mit dem eigenen Logistikservice war eine Schnappsidee. Fahrer hinterlassen Paket einfach vor der Tür.,255748,Können wir dir bei einem aktuellen Problem helfen? Dann bitte gleich hier melden: [LINK] Viele Grüße ^DW,GENERAL_COMPLAINT
1559303,481871,I never requested you for change in delivery timing. Why do u blame me?? [LINK],1559302,"Please don't provide your order details, we consider it to be personal information. Our page is visible to public.(2/2)^RI",GENERAL_COMPLAINT
2596354,735145,Why can all customer service lines be like ? They’re awesome.,2596353,"Well thank you, Griff! We think you are pretty awesome, yourself! ^BE",GENERAL_COMPLAINT
2901100,149046,"That’s correct Liz. I sent a final email to customer services, the last few said they would reply to me, none have, just need a reply to it please",2901099,"I'm sorry for the delay in your response. When you reach us via e-mail, it can take longer to receive a response. If you would like to speak with us in real-time, please reach us via phone or chat here: [LINK] ^JS",GENERAL_COMPLAINT
1604132,466107,"Dear ,I wish u sort newest movies based on lang . Thupparivalan,a new tamil movie is not listed at top when click 'See More'",1604131,Thank you for flagging this. I'll be sure to forward the feedback to the team internally. ^AP,GENERAL_COMPLAINT
1597728,490783,"I'm a Prime member. Spend thousands a year. You do not want to lose me as a customer,",1597726,I'm sorry for the trouble! We'd like to take a closer look at this; please reach out to us here: [LINK] ^LJ,GENERAL_COMPLAINT
979635,352314,I've processed my refund month ago and in spite that the package has been delivered my has not been refunded to my account yet [LINK],979636,Apologies for the trouble with the refund. I'd like to take a closer look at this. ^AK (1/2),GENERAL_COMPLAINT
404073,211643,", If required I'll provide u d screenshot of d mesgs , take immediate actions . Order no. : 171-6244770-6462737 Hope u will update [LINK]",404072,Please don't provide your order details as we consider it personal info. Our twitter page is visible to public. (2/2)^SQ,GENERAL_COMPLAINT
141013,147797,i wanted to purchase this watch but on product description it says : warranty not applicable in india if sold by AMAZON EXPORT SALES LLC now kindly explain the expression &amp; why i should purchase via globle store if warranty is void in india [LINK],141012,I understand that you're concerned about the warranty of the product. Warranty related clauses in the global store are determined by the manufacturer. Appreciate your understanding. ^BV,GENERAL_COMPLAINT
378170,205733,Ho già scritto. A quanto pare devo stare zitto e godere i miei 2€ di un mese di Prime in regalo.,378172,"permettici di fare qualche verifica, clicca qui e compila il form: [LINK] ^BC",GENERAL_COMPLAINT
2592188,734128,"I think from... the carrier is listed as AMZL US PREMIUM. My property management is aware of the situation, which was not isolated to me.",2592190,"Oh no! Did you contact us to report the issue? If you haven't, please reach us by phone or chat here: [LINK] so we can look into this and check for available option for you. ^LH",GENERAL_COMPLAINT
227475,170253,I have raised one complain : 454735 with consumer affair . Please look into that. Please make sure u delivered the product,227474,here: [LINK] and we'll have the issue checked for you. (2/2) ^KA,GENERAL_COMPLAINT
2282129,521291,"Do you actually help? Was told at point of order Prime delivery was due Friday, now being told between 12-15th Nov. How is this acceptable? Please can you answer me soon?",2282126,Oh no! Let's talk about this in real time. Please call or chat with us here: [LINK] ^BA,GENERAL_COMPLAINT
1687360,512423,"be more gentle! How NOT to deliver packages, especially electronics [LINK]",1687358,I'm so sorry the order was delivered like this! Who was the carrier for this shipment: [LINK] ? ^DD,GENERAL_COMPLAINT
1565019,483179,Tout à l'air bien ce matin... mais pendant 2 jours le site était vraiment étrange... Merci d'avoir répondu!,1565021,À votre service! Nous restons à votre disposition en cas de besoin.^SB,GENERAL_COMPLAINT
2730282,765460,I was just told to wait. Not really good enough,2730280,Can I ask how long you were asked to hold while they investigate this for you please? ^GA,GENERAL_COMPLAINT
274233,181523,"how can i purchase Redmi 4A(16 GB) from your website. Every time i add it to my cart , it shows me some error message",274232,could you help us with the error you are getting when placing the order? 2/2 ^MJ,ORDER_MANAGEMENT
1049386,368021,"Order# 408-5985511-2541125 return/refund requested due to wrong item packed a month ago, no response from Amazon/seller!!",1049385,your details here: [LINK] and I'll get back to you. 2/3 ^SH,ORDER_MANAGEMENT
2795267,780024,"Purolator said the package hasn't yet been picked up according to their system. I will make arrangements for it to be signed for. :( On a similar note, I have 2 more items in same order that haven't been shipped yet; would I be able to request how those are shipped?",2795270,"If the order hasn't entered the shipping process, you absolutely can change whether or not the order is grouped together or split apart. Here's some more information: [LINK] ^BE",DELIVERY_TRACKING
233508,171586,"said ""Arrival: Monday 9th"". This morning, the door ring went crazy. Well well , we meet again. [LINK]",233507,Sorry for the ... err... what is the opposite of 'delay'? At least it arrived. Happy PC building! ☺️ ^UK,ORDER_MANAGEMENT
323772,193113,Just found out how delivers packages so fast when I almost got run over by an Amazon truck. Disappointed they missed.,323771,"I'd like a member of my team to personally address this with you. Please, provide details: [LINK] ^JE",DELIVERY_TRACKING
1100905,198262,Suggest some good stuff to watch on . Thanks,1100904,Could you tell me some of your favorite shows ? I'll suggest similar shows of your interest :) ^HT,PRODUCT_TECHNICAL
64000,130696,"It's not helping. Cust Care every time send a canned response, not even care to understand prob after more than 6-7 interactions. How much wait more? Already over 10 days. Its my cash. GIVE ME MY MONEY' #amazonfraud",63999,We're sorry that your issue isn't resolved yet. Please share your details here: [LINK] We'll contact you soon. ^JS,GENERAL_COMPLAINT
673155,280567,For one of my order i intiated return last month but till date i have not received my refund (408-1037938-5559552),673154,"Apologies for the delayed refund, that wasn't intended. Please share your details here: [LINK] and we will get in touch with you. Please don’t provide order details as we consider them to be personal info. Our Twitter page is visible to public. ^BS",GENERAL_COMPLAINT
276104,181961,"Nothing untoward then, thanks for the quick reply.",276106,"No problem, happy to help :-) ^TP",GENERAL_COMPLAINT
1374073,435855,"Yes, I have done that,. I have also chatted with 4 agents and talked to about 7 people today. Everyone told me a different story.",1374075,"If you've shared your details, you must have received a correspondence from our team. Request you to reply to the same. ^SQ",GENERAL_COMPLAINT
238559,172748,Yep - USPS,238557,Please reach out to us via phone or chat here: [LINK] so we can escalate this to the proper department. ^ZW,GENERAL_COMPLAINT
1133480,387081,"All 3 back to back sale were based on gadgets discount, house utensils,.Forget the sale, not a particular day was for book lovers. Sad",1133484,I've forwarded your comments as feedback to our team. I'll make sure that your feedback gets reviewed internally. ^RI,GENERAL_COMPLAINT
818854,315063,"Désolée mais sur votre page Facebook y en a pas d’autres 🤔🤔 donc je reste sur celle de la tv vue hier soir, elle est top.",818855,Avez-vous essayé sur cette page : [LINK] ^^ Achraf C.,GENERAL_COMPLAINT
18981,120232,And secondly I would like to know if it was out of stock how I was able to place the order,18980,Allow our support team to look into this. You can connect with us here: [LINK] ^CB.,GENERAL_COMPLAINT
2838531,239181,Just purchased the Fire HD 8 (without special offers) but have ads showing on my lock screen. Can you disable these please?,2838528,"Hi! We are unable to view your account via Twitter, but you can unsubscribe from special offers here: [LINK] Please let us know if you need additional assistance! ^SW",GENERAL_COMPLAINT
462492,224912,Is becoming the worst service. Over the past 2 months I have ordered the same item 6 times &amp; 4 times it took 5 days vs 2 one order was never received #PrimeSucks,462491,I'm sorry for the wait! Two-Day Shipping refers to transit speed in business days once an item's shipped. We strive to ship items quickly; some orders take extra time to process. More info on calculating delivery dates can be found here: [LINK] ^AR,GENERAL_COMPLAINT
1099264,379402,I've filled the details. I'll wait for your response,1099265,Thank you for sharing your details. We're working on it and will get back to you soon. ^AP,GENERAL_COMPLAINT
227399,170235,Seems to be status quo. No response and surprised at the response from Abhishek of your team,227403,"the link provided by ""OS"" and we'll reach out to you. (2/2) ^GK",GENERAL_COMPLAINT
2965209,818088,"I'm not sure you actually understand me, I'm not expecting that I will have to re-order. Someone between your warehouse &amp; my address screwed up. Why am I being even marginally inconvenienced? Great you can refund me, but why can't you just re-process the order &amp; deliver my items?",2965211,I completely understand your concern! Not all items are eligible for a replacement option. You can find out more about replacements here: [LINK] We'd like to look into available options with you when you have a chance: [LINK] ^BN,GENERAL_COMPLAINT
287866,184607,"But when I play anything a box comes up saying app isnt responding and when I click back to get rid of the box, it shuts the whole app down.",287867,I'm sorry for the trouble! We can look further into this with you in real-time here: [LINK] ^WJ,GENERAL_COMPLAINT
379590,206059,Yes but can take 48hrs. Hacker has access to my DOB current and previous addresses. Why can nothing be done immediately?,379592,Please allow time for the issue to be investigated. ^MC,GENERAL_COMPLAINT
1436639,299158,It's arrived now - was just the case of seeing everything else arrive.,1436641,I know the feeling! I'm glad it's arrived though. 😊 ^PK,GENERAL_COMPLAINT
225024,169758,I have filled the form.. Check and update me,225021,We've received your details and we'll reach out to you shortly. ^GK,GENERAL_COMPLAINT
1569610,199064,Why lightning deals price is higher than normal selling price? Public fooled on name of lightning deals🤔 [LINK],1569609,The prices are decided by different sellers. You may check for the best price with different sellers ^SG,GENERAL_COMPLAINT
2273521,661309,Um I don't need the email option I need to chat with an account specialist so he can fix it,2273522,Our Account Specialists do not have a phone or chat option. Have you followed the instructions provided by our Account Specialists via e-mail? ^JS,GENERAL_COMPLAINT
641658,272291,I used to be your #1 fan. Too many broken promises of 2-day shipping. I'm tired of the disappointment and date of delivery changes!,641657,"I'm so sorry we've disappointed you, Kristin! This certainly isn't what we want to hear from our customers, and we'd like to help out in any way we can. Do you notice the delays happening with a certain carrier? You can check here: [LINK] ^WJ",GENERAL_COMPLAINT
2366350,321030,"Hi guys! Could I please have an email address for the complaints department in the UK? Thank you, Adam",2366349,Thanks for reaching out to us! Could you briefly tell me what the issue is; we're here to help! ^AV,GENERAL_COMPLAINT
2918726,807854,Hoping .au as there is no other way to get his music outside of the USA,2918728,"Hi. Have you shopped with Amazon previously? Which site did you use? .com, .co.uk, etc.",GENERAL_COMPLAINT
2226488,649936,イヤホン壊れるし密林で注文しようとしたらエラーで買えないしなに？なんなの？なんなんだよも〜〜〜〜〜〜💢💢💢💢😡,2226487,ご不便をおかけしております。よろしければどのようなエラーの状況なのか詳しくお聞かせいただけないでしょうか？エラーメッセージなどが表示されていれば、そちらもお聞かせいただければと存じます。HM,GENERAL_COMPLAINT
570834,254057,"No options were given that I'm aware of, I just gave my information and I was told it would be taken care of.",570836,So sorry about this! We would like to check this out with you in real-time. Please provide you information here: [LINK] ^LS,GENERAL_COMPLAINT
2569653,728795,oui mais comprenez bien que le pb est sur tt mes commandes. Je ne veux pas que mes voisins récup. mes colis.,2569654,"Je comprend, rencontrez-vous ce soucis avec l'ensemble de nos transporteurs ou bien un en particulier ? ^ME",GENERAL_COMPLAINT
2538960,722083,I need to know about Amazon pay,2538959,Amazon Pay balance is a digital wallet solution provided to you by Amazon using which you can make online transactions on Amazon.in and our partner websites &amp; apps. For more information pelase go through the link: [LINK] ^JS,PRODUCT_TECHNICAL
359534,201144,"Sir, If your company can't keep to your slogan of ""Earth's most customer centrum company"" ; don't run in India",359533,That's quite a remark! Could you let us know what went wrong? We'd like to look into it. ^HD,GENERAL_COMPLAINT
2499173,713072,"and if the shipping company messed up my experience in the past was that amazon took care of it. Unfortunately twice this month the customer support refused responsibility, and did not help at all",2499176,"I'm sorry that you've had a poor experience with us, Zalmen! I can definitely understand your disappointment. Could you please confirm what options were provided when you spoke with us? We want to help! Please keep us posted! ^SD",GENERAL_COMPLAINT
759770,301539,who win the iphone8 quiz please cnfrm it,759769,Here's the list of the iPhone 8 contest winners: [LINK] ^MA,GENERAL_COMPLAINT
826270,316813,"So, I just activated my Amazon Prime free trial and it straight took money outa my account...",826269,I'm sorry for the unexpected charge! We'd like to look into this with you here: [LINK] ^WT,GENERAL_COMPLAINT
2884167,800068,"#Amazon marketplace seller is refusing to accept the return of broken item, despite my statutory rights under consumer law. are doing nothing because it's over 90 days. Surely they have a responsibility to ensure the sellers they facilitate abide by UK Law?",2884164,"I am sorry to hear this, Abigail. How long has it been since the order was delivered? ^SM",GENERAL_COMPLAINT
521741,240461,"could your drivers make it easier for porch pirates to steal our packages? Not even close to the front door, bushes or camera! [LINK]",521740,I'm sorry the order was left out like this! We can make sure this is reported. Send us the details directly here: [LINK] ^EP,GENERAL_COMPLAINT
224565,169653,"Again bad or say worst reply from AMAZON!! Why dont you check your faults...made complaint on 29th sept, still same disgusting response!!",224567,"We apologize for the trail. If your aren't satisfied with the reply, you can choose to write back to our e-mail. ^CB",GENERAL_COMPLAINT
166465,154663,En reparto.,166467,"Sergio las entregas pueden llegar a finalizar a las 9:00 p.m., sin embargo puedes contactar con la agencia de transporte para que te ofrezcan más detalles y la revisión correspondiente de tu envío, esta es la información de contacto: [LINK] ^PC",GENERAL_COMPLAINT
1373652,439720,"You guys emailed me to become an Amazon Influencer, yet I get this popup whenever I try to sign up.. Any ideas? [LINK]",1373650,Hey Patrick! The best answer to that would come from Amazon Associates support: [LINK] ^CH,GENERAL_COMPLAINT
2379742,686217,:Why my order has been cancelled. Pathetic Service order cancelled and price increased.I need this order on earlier price and want explanation. Order Cancelled Order # 403-0821199-6494707 Call me on 7289079087/9582248709.,2379740,I understand your concern regarding the cancellation of the order. Please reach out to us here: [LINK] and we will help you. Please don’t provide your order details as we consider them to be personal info. Our page is visible to public. ^AH,GENERAL_COMPLAINT
1095863,378608,Can you tell me what's off over there? It was launched at 16k &amp; you increased the price and slashed down to original price ? What a gimmick [LINK],1097272,Pricing and offers are decision of the sellers. The constantly changing marketplace and our efforts to offer you 1/2 ^SH,GENERAL_COMPLAINT
283098,159034,And wat abt the problem I faced and wat abt the product I didn't received .who will be responsible for that .what will i get in return,283094,xSorry for the hassle. Please report this to our support team here: [LINK] and we'll check this. ^HN,ORDER_MANAGEMENT
1406780,446982,- You up the price of Cloud Drive by 5x and then throttle your own client so it's impossible for me to download my files. Classy [LINK],1406781,"Have you already used the link and were my colleagues able to assist you? :) Regards, ^SI",ORDER_MANAGEMENT
975084,350719,stop selling old and defective products otherwise you company will grow in reverse direction,975085,We've responded to your query via DM. Kindly check. ^PS,DELIVERY_TRACKING
1142002,388804,Ok i will delete those details but i am expecting sensible response from ur side,1142001,Sure thing! We'll look into the issue and will get back to you at the earliest. ^OS,ORDER_MANAGEMENT
2459185,704278,帰ったらAmazon君が凄い顔で待ってた [LINK],2459184,おかえりなさ～い (≧▽≦) ET,GENERAL_COMPLAINT
441832,219782,"dear concerns , here I'm reaching u to get the service provided at earliest, because it has already been out of promised time. [LINK]",441836,I'm sorry for the trouble. Please fill this form: [LINK] and we’ll contact you at the earliest.(1/2)^AU,REFUND_RETURN
1219364,406090,What's the point of having prime if your orders consistently don't show up when they say it will,1219361,Oh no! I'm sorry for the poor delivery experiences. Are you noticing this trend with a specific carrier or many? ^TG,GENERAL_COMPLAINT
1892143,564196,has the WORST customer service over the phone.,1892142,"I'm very sorry to hear you have had a poor experience! This is not the serice we strive for! Without providing personal or account details, could you tell us a little more about what's going on? ^HM",GENERAL_COMPLAINT
2685361,755218,Got a prime account on because it was supposed to be better. Instead I've had a camera (that came late) thrown over the fence. wtf,2685359,I'm sorry for the poor experience! Can you please tell us who the carrier was? Found here: [LINK] ^AC,GENERAL_COMPLAINT
505016,235778,"24hrs after the delivery date, I get an email from Amazon ""we recently learned we may miss your delivery promise""...this for a 2-Day delivery item I ordered Monday of this week.",505014,"I'm sorry to hear this! While delays are rare, they can occur. Were you provided with a new delivery date? ^AC",DELIVERY_TRACKING
458954,223995,"It says ""Sold by Erlvery DaMain and Fulfilled by Amazon"".",458952,"Thank you for that information! We can't access your account via Twitter, but we would still like to help! When you have time, please reach out to us via phone or chat here: [LINK] We'd love to discuss what options may be available ^AR",ORDER_MANAGEMENT
1391551,366268,Have you fixed FireTV issues or planning any solution??,1391550,"Any update will be available to all the customers, kindly stay tuned to the website. ^MS",PRODUCT_TECHNICAL
